{"cameraMode":{"drawMode":0,"name":"Shaded","section":"Shading Mode"},"sceneLighting":false,"audioPlay":false,"sceneViewState":{"m_AlwaysRefresh":false,"showFog":true,"showSkybox":false,"showFlares":true,"showImageEffects":true,"showParticleSystems":true,"showVisualEffectGraphs":true,"m_FxEnabled":true},"in2DMode":false,"pivot":{"x":-2.0579891204833986,"y":0.9006075859069824,"z":-7.176110744476318},"rotation":{"x":-0.27043813467025759,"y":0.29622796177864077,"z":-0.08784139901399613,"w":-0.9118643403053284},"size":2.4238672256469728,"orthographic":false}